section_id,in_ine_geometry,in_edmslm,in_2018,in_2021,join_status,issue_type
110201261,True,True,True,True,complete,none
110201262,True,True,True,True,complete,none
110201263,True,True,True,True,complete,none
110201264,True,True,True,True,complete,none
110201265,True,True,True,True,complete,none
110201266,True,True,True,True,complete,none
110201267,True,True,True,True,complete,none
110201269,True,True,True,True,complete,none
110201270,True,True,True,True,complete,none
110201271,True,True,True,True,complete,none
110201272,True,True,True,True,complete,none
110201273,True,True,True,True,complete,none
110201274,True,True,True,True,complete,none
110201275,True,True,True,True,complete,none
110201276,True,True,True,True,complete,none
110201277,True,True,True,True,complete,none
110201279,True,True,True,True,complete,none
110201280,True,True,True,True,complete,none
110201281,True,True,True,True,complete,none
110201283,True,True,True,True,complete,none
110201286,True,True,True,True,complete,none
110201287,True,True,True,True,complete,none
110201288,True,True,True,True,complete,none
110201289,True,True,True,True,complete,none
110201290,True,True,True,True,complete,none
110201291,True,True,True,True,complete,none
110201292,True,True,True,True,complete,none
110201293,True,True,True,True,complete,none
110201294,True,True,True,True,complete,none
110201295,True,True,True,True,complete,none
110201296,True,True,True,True,complete,none
110201297,True,True,True,True,complete,none
110201298,True,True,True,True,complete,none
110201299,True,True,True,True,complete,none
110201300,True,True,True,True,complete,none
110201301,True,True,True,True,complete,none
110201302,True,True,True,True,complete,none
110201303,True,True,True,True,complete,none
110201304,True,True,True,True,complete,none
110201305,True,True,True,True,complete,none
110201306,True,True,True,True,complete,none
110201307,True,True,True,True,complete,none
110201308,True,True,True,True,complete,none
110201309,True,True,True,True,complete,none
110201310,True,True,True,True,complete,none
110201311,True,True,True,True,complete,none
110201312,True,True,True,True,complete,none
110201313,True,True,True,True,complete,none
110201314,True,True,True,True,complete,none
110201315,True,True,True,True,complete,none
110201316,True,True,True,True,complete,none
110201317,True,True,True,True,complete,none
110201318,True,True,True,True,complete,none
110201319,True,True,True,True,complete,none
110201320,True,True,True,True,complete,none
110201321,True,True,True,True,complete,none
110201322,True,True,True,True,complete,none
110201323,True,True,True,True,complete,none
110201324,True,True,True,True,complete,none
110201325,True,True,True,True,complete,none
110201326,True,True,True,True,complete,none
110201327,True,True,True,True,complete,none
110201328,True,True,True,True,complete,none
110201329,True,True,True,True,complete,none
110201330,True,True,True,True,complete,none
110201331,True,True,True,True,complete,none
110201332,True,True,True,True,complete,none
110201333,True,True,True,True,complete,none
110201334,True,True,True,True,complete,none
110201335,True,True,True,True,complete,none
110201336,True,True,True,True,complete,none
110201337,True,True,True,True,complete,none
110201338,True,True,True,True,complete,none
110201339,True,True,True,True,complete,none
110201340,True,True,True,True,complete,none
110201341,True,True,True,True,complete,none
110201342,True,True,True,True,complete,none
110201343,True,True,True,True,complete,none
110201344,True,True,True,True,complete,none
110201345,True,True,True,True,complete,none
110201346,True,True,True,True,complete,none
110201347,True,True,True,True,complete,none
110201348,True,True,True,True,complete,none
110201349,True,True,True,True,complete,none
110201350,True,True,True,True,complete,none
110201351,True,True,True,True,complete,none
110201352,True,True,True,True,complete,none
110201353,True,True,True,True,complete,none
110201354,True,True,True,True,complete,none
110201355,True,True,True,True,complete,none
110201356,True,True,True,True,complete,none
110201357,True,True,True,True,complete,none
110201358,True,True,True,True,complete,none
110201359,True,True,True,True,complete,none
110201360,True,True,True,True,complete,none
110201361,True,True,True,True,complete,none
110201362,True,True,True,True,complete,none
110201363,True,True,True,True,complete,none
110201364,True,True,True,True,complete,none
110201365,True,True,True,True,complete,none
110201366,True,True,True,True,complete,none
110201367,True,True,True,True,complete,none
110201368,True,True,True,True,complete,none
110201369,True,True,True,True,complete,none
110201370,True,True,True,True,complete,none
110201371,True,True,True,True,complete,none
110201372,True,True,True,True,complete,none
110201373,True,True,True,True,complete,none
110201374,True,True,True,True,complete,none
110201375,True,True,True,True,complete,none
110201376,True,True,True,True,complete,none
110201377,True,True,True,True,complete,none
110201378,True,True,True,True,complete,none
110201379,True,True,True,True,complete,none
110201380,True,True,True,True,complete,none
110201381,True,True,True,True,complete,none
110201382,True,True,True,True,complete,none
110201383,True,True,True,True,complete,none
110201384,True,True,True,True,complete,none
110201385,True,True,True,True,complete,none
110201386,True,True,True,True,complete,none
110201387,True,True,True,True,complete,none
110201388,True,True,True,True,complete,none
110201389,True,True,True,True,complete,none
110201390,True,True,True,True,complete,none
110201391,True,True,True,True,complete,none
110201393,True,True,True,True,complete,none
110201394,True,True,True,True,complete,none
110201395,True,True,True,True,complete,none
110201396,True,True,True,True,complete,none
110201397,True,True,True,True,complete,none
110201398,True,True,True,True,complete,none
110201399,True,True,True,True,complete,none
110201400,True,True,True,True,complete,none
110201401,True,True,True,True,complete,none
110201402,True,True,True,True,complete,none
110201403,True,True,True,True,complete,none
110201404,True,True,True,True,complete,none
110201405,True,True,True,True,complete,none
110201406,True,True,True,True,complete,none
110201407,True,True,True,True,complete,none
110201408,True,True,True,True,complete,none
110201409,True,True,True,True,complete,none
110201410,True,True,True,True,complete,none
110201411,True,True,True,True,complete,none
110201412,True,True,True,True,complete,none
110201413,True,True,True,True,complete,none
110201414,True,True,True,True,complete,none
110201415,True,True,True,True,complete,none
110201416,True,True,True,True,complete,none
110201417,True,True,True,True,complete,none
110201418,True,True,True,True,complete,none
110201419,True,True,True,True,complete,none
110201420,True,True,True,True,complete,none
110201421,True,True,True,True,complete,none
110201422,True,True,True,True,complete,none
110201423,True,True,True,True,complete,none
110201424,True,True,True,True,complete,none
110201425,True,True,True,True,complete,none
110201426,True,True,True,True,complete,none
110201427,True,True,True,True,complete,none
110201428,True,True,True,True,complete,none
110201429,True,True,True,True,complete,none
110201430,True,True,True,True,complete,none
110201431,True,True,True,True,complete,none
110201432,True,True,True,True,complete,none
110201433,True,True,True,True,complete,none
110201434,True,True,True,True,complete,none
110201435,True,True,True,True,complete,none
110201436,True,True,True,True,complete,none
110201437,True,True,True,True,complete,none
110201438,True,True,True,True,complete,none
110201439,True,True,True,True,complete,none
110201440,True,True,True,True,complete,none
110201441,True,True,True,True,complete,none
110201442,True,True,True,True,complete,none
110201443,True,True,True,True,complete,none
110201444,True,True,True,True,complete,none
110201445,True,True,True,True,complete,none
110201446,True,True,True,True,complete,none
110201447,True,True,True,True,complete,none
110201448,True,True,True,True,complete,none
110201449,True,True,True,True,complete,none
110201450,True,True,True,True,complete,none
110201451,True,True,True,True,complete,none
110201452,True,True,True,True,complete,none
110201453,True,True,True,True,complete,none
110201454,True,True,True,True,complete,none
110201455,True,True,True,True,complete,none
110201456,True,True,True,True,complete,none
110201457,True,True,True,True,complete,none
110201458,True,True,True,True,complete,none
110201459,True,True,True,True,complete,none
110201460,True,True,True,True,complete,none
110201461,True,True,True,True,complete,none
110201462,True,True,True,True,complete,none
110201463,True,True,True,True,complete,none
110201464,True,True,True,True,complete,none
110201465,True,True,True,True,complete,none
110201466,True,True,True,True,complete,none
110201467,True,True,True,True,complete,none
110201468,True,True,True,True,complete,none
110201469,True,True,True,True,complete,none
110201470,True,True,True,True,complete,none
110201471,True,True,True,True,complete,none
110201472,True,True,True,True,complete,none
110201473,True,True,True,True,complete,none
110201474,True,True,True,True,complete,none
110201475,True,True,True,True,complete,none
110201476,True,True,True,True,complete,none
110201478,True,True,True,True,complete,none
110201479,True,True,True,True,complete,none
110201480,True,True,True,True,complete,none
110201481,True,True,True,True,complete,none
110201482,True,True,True,True,complete,none
110201483,True,True,True,True,complete,none
110201485,True,True,True,True,complete,none
110201486,True,True,True,True,complete,none
110201487,True,True,True,True,complete,none
110201488,True,True,True,True,complete,none
110201489,True,True,True,True,complete,none
110201491,True,True,True,True,complete,none
110201492,True,True,True,True,complete,none
110201497,True,True,True,True,complete,none
110201498,True,True,True,True,complete,none
110201499,True,True,True,True,complete,none
110201501,True,True,True,True,complete,none
110201502,True,True,True,True,complete,none
110201503,True,True,True,True,complete,none
110201504,True,True,True,True,complete,none
110201505,True,True,True,True,complete,none
110201506,True,True,True,True,complete,none
110201507,True,True,True,True,complete,none
110201511,True,True,True,True,complete,none
110201512,True,True,True,True,complete,none
110201513,True,True,True,True,complete,none
110201514,True,True,True,True,complete,none
110201515,True,True,True,True,complete,none
110201516,True,True,True,True,complete,none
110201517,True,True,True,True,complete,none
110201518,True,True,True,True,complete,none
110201519,True,True,True,True,complete,none
110201520,True,True,True,True,complete,none
110201521,True,True,True,True,complete,none
110201522,True,True,True,True,complete,none
110201523,True,True,True,True,complete,none
110201524,True,True,True,True,complete,none
110201525,True,True,True,True,complete,none
110201526,True,True,True,True,complete,none
110201527,True,True,True,True,complete,none
110201528,True,True,True,True,complete,none
110201529,True,True,True,True,complete,none
110201530,True,True,True,True,complete,none
110201531,True,True,True,True,complete,none
110201532,True,True,True,True,complete,none
110201533,True,True,True,True,complete,none
110201534,True,True,True,True,complete,none
110201535,True,True,True,True,complete,none
110201536,True,True,True,True,complete,none
110201537,True,True,True,True,complete,none
110201538,True,True,True,True,complete,none
110201539,True,True,True,True,complete,none
110201540,True,True,True,True,complete,none
110201541,True,True,True,True,complete,none
110201542,True,True,True,True,complete,none
110201543,True,True,True,True,complete,none
110201544,True,True,True,True,complete,none
110201545,True,True,True,True,complete,none
110201546,True,True,True,True,complete,none
110201547,True,True,True,True,complete,none
110201548,True,True,True,True,complete,none
110201549,True,True,True,True,complete,none
110201550,True,True,True,True,complete,none
110201551,True,True,True,True,complete,none
110201552,True,True,True,True,complete,none
110201553,True,True,True,True,complete,none
110201554,True,True,True,True,complete,none
110201555,True,True,True,True,complete,none
110201556,True,True,True,True,complete,none
110201557,True,True,True,True,complete,none
110201558,True,True,True,True,complete,none
110201559,True,True,True,True,complete,none
110201560,True,True,True,True,complete,none
110201561,True,True,True,True,complete,none
110201562,True,True,True,True,complete,none
110201563,True,True,True,True,complete,none
110201564,True,True,True,True,complete,none
110201565,True,True,True,True,complete,none
110201566,True,True,True,True,complete,none
110201567,True,True,True,True,complete,none
110201568,True,True,True,True,complete,none
110201569,True,True,True,True,complete,none
110201570,True,True,True,True,complete,none
110201571,True,True,True,True,complete,none
110201572,True,True,True,True,complete,none
110201573,True,True,True,True,complete,none
110201574,True,True,True,True,complete,none
110201575,True,True,True,True,complete,none
110201576,True,True,True,True,complete,none
110201577,True,True,True,True,complete,none
110201578,True,True,True,True,complete,none
110201579,True,True,True,True,complete,none
110201580,True,True,True,True,complete,none
110201581,True,True,True,True,complete,none
110201582,True,True,True,True,complete,none
110201583,True,True,True,True,complete,none
110201584,True,True,True,True,complete,none
110201585,True,True,True,True,complete,none
110201586,True,True,True,True,complete,none
110201587,True,True,True,True,complete,none
110201588,True,True,True,True,complete,none
110201589,True,True,True,True,complete,none
110201590,True,True,True,True,complete,none
110201591,True,True,True,True,complete,none
110201592,True,True,True,True,complete,none
110201593,True,True,True,True,complete,none
110201594,True,True,True,True,complete,none
110201595,True,True,True,True,complete,none
110201596,True,True,True,True,complete,none
110201597,True,True,True,True,complete,none
110201598,True,True,True,True,complete,none
110201599,True,True,True,True,complete,none
110201600,True,True,True,True,complete,none
110201601,True,True,True,True,complete,none
110201602,True,True,True,True,complete,none
110201603,True,True,True,True,complete,none
110201604,True,True,True,True,complete,none
110201605,True,True,True,True,complete,none
110201606,True,True,True,True,complete,none
110201607,True,True,True,True,complete,none
110201608,True,True,True,True,complete,none
110201609,True,True,True,True,complete,none
110201610,True,True,True,True,complete,none
110201611,True,True,True,True,complete,none
110201612,True,True,True,True,complete,none
110201613,True,True,True,True,complete,none
110201615,True,True,True,True,complete,none
110201616,True,True,True,True,complete,none
110201617,True,True,True,True,complete,none
110201618,True,True,True,True,complete,none
110201619,True,True,True,True,complete,none
110201620,True,True,True,True,complete,none
110201621,True,True,True,True,complete,none
110201622,True,True,True,True,complete,none
110201623,True,True,True,True,complete,none
110201624,True,True,True,True,complete,none
110201625,True,True,True,True,complete,none
110201626,True,True,True,True,complete,none
110201627,True,True,True,True,complete,none
110201628,True,True,True,True,complete,none
110201629,True,True,True,True,complete,none
110201630,True,True,True,True,complete,none
110201631,True,True,True,True,complete,none
110201635,True,True,True,True,complete,none
110201636,True,True,True,True,complete,none
110201637,True,True,True,True,complete,none
110201638,True,True,True,True,complete,none
110201639,True,True,True,True,complete,none
110201640,True,True,True,True,complete,none
110201641,True,True,True,True,complete,none
110201645,True,True,True,True,complete,none
110201646,True,True,True,True,complete,none
110201648,True,True,True,True,complete,none
110201649,True,True,True,True,complete,none
110201650,True,True,True,True,complete,none
110201651,True,True,True,True,complete,none
110201652,True,True,True,True,complete,none
110201653,True,True,True,True,complete,none
110201654,True,True,True,True,complete,none
110201655,True,True,True,True,complete,none
110201656,True,True,True,True,complete,none
110201657,True,True,True,True,complete,none
110201658,True,True,True,True,complete,none
110201659,True,True,True,True,complete,none
110201660,True,True,True,True,complete,none
110201661,True,True,True,True,complete,none
110201662,True,True,True,True,complete,none
110201663,True,True,True,True,complete,none
110201664,True,True,True,True,complete,none
110201665,True,True,True,True,complete,none
110201666,True,True,True,True,complete,none
110201667,True,True,True,True,complete,none
110201668,True,True,True,True,complete,none
110201669,True,True,True,True,complete,none
110201670,True,True,True,True,complete,none
110201671,True,True,True,True,complete,none
110201672,True,True,True,True,complete,none
110201673,True,True,True,True,complete,none
110201674,True,True,True,True,complete,none
110201675,True,True,True,True,complete,none
110201676,True,True,True,True,complete,none
110201677,True,True,True,True,complete,none
110201678,True,True,True,True,complete,none
110201679,True,True,True,True,complete,none
110201680,True,True,True,True,complete,none
110201682,True,True,True,True,complete,none
110201683,True,True,True,True,complete,none
110201684,True,True,True,True,complete,none
110201685,True,True,True,True,complete,none
110201686,True,True,True,True,complete,none
110201688,True,True,True,True,complete,none
110201689,True,True,True,True,complete,none
110201690,True,True,True,True,complete,none
110201691,True,True,True,True,complete,none
110201692,True,True,True,True,complete,none
110201693,True,True,True,True,complete,none
110201694,True,True,True,True,complete,none
110201695,True,True,True,True,complete,none
110201696,True,True,True,True,complete,none
110201697,True,True,True,True,complete,none
110201698,True,True,True,True,complete,none
110201699,True,True,True,True,complete,none
110201700,True,True,True,True,complete,none
110201701,True,True,True,True,complete,none
110201702,True,True,True,True,complete,none
110201703,True,True,True,True,complete,none
110201704,True,True,True,True,complete,none
110201705,True,True,True,True,complete,none
110201706,True,True,True,True,complete,none
110201707,True,True,True,True,complete,none
110201708,True,True,True,True,complete,none
110201709,True,True,True,True,complete,none
110201710,True,True,True,True,complete,none
110201711,True,True,True,True,complete,none
110201712,True,True,True,True,complete,none
110201713,True,True,True,True,complete,none
110201714,True,True,True,True,complete,none
110201715,True,True,True,True,complete,none
110201716,True,True,True,True,complete,none
110201717,True,True,True,True,complete,none
110201718,True,True,True,True,complete,none
110201719,True,True,True,True,complete,none
110201720,True,True,True,True,complete,none
110201721,True,True,True,True,complete,none
110201722,True,True,True,True,complete,none
110201723,True,True,True,True,complete,none
110201724,True,True,True,True,complete,none
110201725,True,True,True,True,complete,none
110201726,True,True,True,True,complete,none
110201727,True,True,True,True,complete,none
110201728,True,True,True,True,complete,none
110201729,True,True,True,True,complete,none
110201730,True,True,True,True,complete,none
110201731,True,True,True,True,complete,none
110201732,True,True,True,True,complete,none
110201733,True,True,True,True,complete,none
110201734,True,True,True,True,complete,none
110201735,True,True,True,True,complete,none
110201736,True,True,True,True,complete,none
110201737,True,True,True,True,complete,none
110201738,True,True,True,True,complete,none
110201739,True,True,True,True,complete,none
110201740,True,True,True,True,complete,none
110201741,True,True,True,True,complete,none
110201742,True,True,True,True,complete,none
110201743,True,True,True,True,complete,none
110201744,True,True,True,True,complete,none
110201745,True,True,True,True,complete,none
110201746,True,True,True,True,complete,none
110201747,True,True,True,True,complete,none
110201748,True,True,True,True,complete,none
110201749,True,True,True,True,complete,none
110201750,True,True,True,True,complete,none
110201751,True,True,True,True,complete,none
110201752,True,True,True,True,complete,none
110201753,True,True,True,True,complete,none
110201754,True,True,True,True,complete,none
110201755,True,True,True,True,complete,none
110201756,True,True,True,True,complete,none
110201757,True,True,True,True,complete,none
110201758,True,True,True,True,complete,none
110201759,True,True,True,True,complete,none
110201760,True,True,True,True,complete,none
110201761,True,True,True,True,complete,none
110201762,True,True,True,True,complete,none
110201763,True,True,True,True,complete,none
110201764,True,True,True,True,complete,none
110201765,True,True,True,True,complete,none
110201766,True,True,True,True,complete,none
110201767,True,True,True,True,complete,none
110201768,True,True,True,True,complete,none
110201769,True,True,True,True,complete,none
110201770,True,True,True,True,complete,none
110201771,True,True,True,True,complete,none
110201772,True,True,True,True,complete,none
110201773,True,True,True,True,complete,none
110201774,True,True,True,True,complete,none
110201775,True,True,True,True,complete,none
110201776,True,True,True,True,complete,none
110201777,True,True,True,True,complete,none
110201778,True,True,True,True,complete,none
110201779,True,True,True,True,complete,none
110201780,True,True,True,True,complete,none
110201781,True,True,True,True,complete,none
110201782,True,True,True,True,complete,none
110201783,True,True,True,True,complete,none
110201784,True,True,True,True,complete,none
110201785,True,True,True,True,complete,none
110201786,True,True,True,True,complete,none
110201787,True,True,True,True,complete,none
110201788,True,True,True,True,complete,none
110201789,True,True,True,True,complete,none
110201790,True,True,True,True,complete,none
110201791,True,True,True,True,complete,none
110201792,True,True,True,True,complete,none
110201793,True,True,True,True,complete,none
110201794,True,True,True,True,complete,none
110201795,True,True,True,True,complete,none
110201796,True,True,True,True,complete,none
110201797,True,True,True,True,complete,none
110201798,True,True,True,True,complete,none
110201799,True,True,True,True,complete,none
110201800,True,True,True,True,complete,none
110201801,True,True,True,True,complete,none
110201802,True,True,True,True,complete,none
110201803,True,True,True,True,complete,none
110201804,True,True,True,True,complete,none
110201805,True,True,True,True,complete,none
110201806,True,True,True,True,complete,none
110201807,True,True,True,True,complete,none
110201808,True,True,True,True,complete,none
110201809,True,True,True,True,complete,none
110201810,True,True,True,True,complete,none
110201811,True,True,True,True,complete,none
110201812,True,True,True,True,complete,none
110201813,True,True,True,True,complete,none
110201814,True,True,True,True,complete,none
110201815,True,True,True,True,complete,none
110201816,True,True,True,True,complete,none
110201817,True,True,True,True,complete,none
110201818,True,True,True,True,complete,none
110201819,True,True,True,True,complete,none
110201820,True,True,True,True,complete,none
110201821,True,True,True,True,complete,none
110201823,True,True,True,True,complete,none
110201824,True,True,True,True,complete,none
110201825,True,True,True,True,complete,none
110201826,True,True,True,True,complete,none
110201827,True,True,True,True,complete,none
110201828,True,True,True,True,complete,none
110201829,True,True,True,True,complete,none
110201830,True,True,True,True,complete,none
110201831,True,True,True,True,complete,none
110201832,True,True,True,True,complete,none
110201833,True,True,True,True,complete,none
110201834,True,True,True,True,complete,none
110201835,True,True,True,True,complete,none
110201836,True,True,True,True,complete,none
110201837,True,True,True,True,complete,none
110201838,True,True,True,True,complete,none
110201839,True,True,True,True,complete,none
110201840,True,True,True,True,complete,none
110201841,True,True,True,True,complete,none
110201842,True,True,True,True,complete,none
110201843,True,True,True,True,complete,none
110201844,True,True,True,True,complete,none
110201845,True,True,True,True,complete,none
110201846,True,True,True,True,complete,none
110201847,True,True,True,True,complete,none
110201848,True,True,True,True,complete,none
110201849,True,True,True,True,complete,none
110201850,True,True,True,True,complete,none
110201851,True,True,True,True,complete,none
110201852,True,True,True,True,complete,none
110201853,True,True,True,True,complete,none
110201854,True,True,True,True,complete,none
110201855,True,True,True,True,complete,none
110201856,True,True,True,True,complete,none
110201857,True,True,True,True,complete,none
110201858,True,True,True,True,complete,none
110203006,True,True,True,True,complete,none
110203007,True,True,True,True,complete,none
110203008,True,True,True,True,complete,none
110203009,True,True,True,True,complete,none
110203010,True,True,True,True,complete,none
110203011,True,True,True,True,complete,none
110203012,True,True,True,True,complete,none
110203013,True,True,True,True,complete,none
110203014,True,True,True,True,complete,none
110203016,True,True,True,True,complete,none
110203017,True,True,True,True,complete,none
110203018,True,True,True,True,complete,none
110203019,True,True,True,True,complete,none
110203020,True,True,True,True,complete,none
110203021,True,True,True,True,complete,none
110203022,True,True,True,True,complete,none
110203023,True,True,True,True,complete,none
110203024,True,True,True,True,complete,none
110203025,True,True,True,True,complete,none
110203026,True,True,True,True,complete,none
110203027,True,True,True,True,complete,none
110203028,True,True,True,True,complete,none
110203029,True,True,True,True,complete,none
110203030,True,True,True,True,complete,none
110203031,True,True,True,True,complete,none
110203032,True,True,True,True,complete,none
110203033,True,True,True,True,complete,none
110203034,True,True,True,True,complete,none
110203035,True,True,True,True,complete,none
110203036,True,True,True,True,complete,none
110203037,True,True,True,True,complete,none
110203038,True,True,True,True,complete,none
110203039,True,True,True,True,complete,none
110203040,True,True,True,True,complete,none
110203041,True,True,True,True,complete,none
110203042,True,True,True,True,complete,none
110203043,True,True,True,True,complete,none
110203044,True,True,True,True,complete,none
110203045,True,True,True,True,complete,none
110203046,True,True,True,True,complete,none
110203047,True,True,True,True,complete,none
110203048,True,True,True,True,complete,none
110203049,True,True,True,True,complete,none
110203050,True,True,True,True,complete,none
110203051,True,True,True,True,complete,none
110203052,True,True,True,True,complete,none
110203053,True,True,True,True,complete,none
110203054,True,True,True,True,complete,none
110203055,True,True,True,True,complete,none
110203056,True,True,True,True,complete,none
110203057,True,True,True,True,complete,none
110203058,True,True,True,True,complete,none
110203059,True,True,True,True,complete,none
110203060,True,True,True,True,complete,none
110203061,True,True,True,True,complete,none
110203062,True,True,True,True,complete,none
110203063,True,True,True,True,complete,none
110203064,True,True,True,True,complete,none
110203065,True,True,True,True,complete,none
110203066,True,True,True,True,complete,none
110203067,True,True,True,True,complete,none
110203068,True,True,True,True,complete,none
110203069,True,True,True,True,complete,none
110203070,True,True,True,True,complete,none
110203071,True,True,True,True,complete,none
110203072,True,True,True,True,complete,none
110203073,True,True,True,True,complete,none
110203074,True,True,True,True,complete,none
110203075,True,True,True,True,complete,none
110203076,True,True,True,True,complete,none
110203077,True,True,True,True,complete,none
110203078,True,True,True,True,complete,none
110203079,True,True,True,True,complete,none
110203080,True,True,True,True,complete,none
110203081,True,True,True,True,complete,none
110203082,True,True,True,True,complete,none
110203083,True,True,True,True,complete,none
110203084,True,True,True,True,complete,none
110203085,True,True,True,True,complete,none
110203086,True,True,True,True,complete,none
110203087,True,True,True,True,complete,none
110203088,True,True,True,True,complete,none
110203089,True,True,True,True,complete,none
110203090,True,True,True,True,complete,none
110203091,True,True,True,True,complete,none
110203092,True,True,True,True,complete,none
110203093,True,True,True,True,complete,none
110203094,True,True,True,True,complete,none
110203095,True,True,True,True,complete,none
110203096,True,True,True,True,complete,none
110203097,True,True,True,True,complete,none
110203098,True,True,True,True,complete,none
110203099,True,True,True,True,complete,none
110203100,True,True,True,True,complete,none
110203101,True,True,True,True,complete,none
110203121,True,True,True,True,complete,none
110203122,True,True,True,True,complete,none
110203123,True,True,True,True,complete,none
110203124,True,True,True,True,complete,none
110203125,True,True,True,True,complete,none
110203126,True,True,True,True,complete,none
110203127,True,True,True,True,complete,none
110203128,True,True,True,True,complete,none
110203129,True,True,True,True,complete,none
110203130,True,True,True,True,complete,none
110203131,True,True,True,True,complete,none
110203132,True,True,True,True,complete,none
110203133,True,True,True,True,complete,none
110203134,True,True,True,True,complete,none
110203135,True,True,True,True,complete,none
110203136,True,True,True,True,complete,none
110203137,True,True,True,True,complete,none
110203138,True,True,True,True,complete,none
110203139,True,True,True,True,complete,none
110203140,True,True,True,True,complete,none
110203141,True,True,True,True,complete,none
110203142,True,True,True,True,complete,none
110203143,True,True,True,True,complete,none
110203144,True,True,True,True,complete,none
110203145,True,True,True,True,complete,none
110203146,True,True,True,True,complete,none
110203147,True,True,True,True,complete,none
110203148,True,True,True,True,complete,none
110203149,True,True,True,True,complete,none
110203150,True,True,True,True,complete,none
110203151,True,True,True,True,complete,none
110203152,True,True,True,True,complete,none
110203153,True,True,True,True,complete,none
110203154,True,True,True,True,complete,none
110203155,True,True,False,True,partial_electoral,missing_2018
110203156,True,True,False,True,partial_electoral,missing_2018
110203157,True,True,False,True,partial_electoral,missing_2018
110203158,True,True,False,True,partial_electoral,missing_2018
110203159,True,True,False,True,partial_electoral,missing_2018
110203160,True,True,False,True,partial_electoral,missing_2018
110203161,True,True,False,True,partial_electoral,missing_2018
110203162,True,True,False,True,partial_electoral,missing_2018
110203163,True,True,False,True,partial_electoral,missing_2018
110203164,True,True,False,True,partial_electoral,missing_2018
110203165,True,True,False,True,partial_electoral,missing_2018
110203166,True,True,False,True,partial_electoral,missing_2018
110203167,True,True,False,True,partial_electoral,missing_2018
110203168,True,True,False,True,partial_electoral,missing_2018
110203182,True,True,False,False,no_electoral,missing_2018;missing_2021
110203183,True,True,False,False,no_electoral,missing_2018;missing_2021
110203184,True,True,False,False,no_electoral,missing_2018;missing_2021
110203185,True,True,False,False,no_electoral,missing_2018;missing_2021
110203186,True,True,False,False,no_electoral,missing_2018;missing_2021
110203187,True,True,False,False,no_electoral,missing_2018;missing_2021
110203188,True,True,False,False,no_electoral,missing_2018;missing_2021
110203189,True,True,False,False,no_electoral,missing_2018;missing_2021
110203190,True,True,False,False,no_electoral,missing_2018;missing_2021
110203191,True,True,False,False,no_electoral,missing_2018;missing_2021
110203192,True,True,False,False,no_electoral,missing_2018;missing_2021
110203193,True,True,False,False,no_electoral,missing_2018;missing_2021
110203194,True,True,False,False,no_electoral,missing_2018;missing_2021
110203195,True,True,False,False,no_electoral,missing_2018;missing_2021
110203196,True,True,False,False,no_electoral,missing_2018;missing_2021
110203197,True,True,False,False,no_electoral,missing_2018;missing_2021
110203198,True,True,False,False,no_electoral,missing_2018;missing_2021
110203199,True,True,False,False,no_electoral,missing_2018;missing_2021
110203204,True,True,False,False,no_electoral,missing_2018;missing_2021
110203205,True,True,False,False,no_electoral,missing_2018;missing_2021
110203206,True,True,False,False,no_electoral,missing_2018;missing_2021
110203207,True,True,False,False,no_electoral,missing_2018;missing_2021
110203208,True,True,False,False,no_electoral,missing_2018;missing_2021
110203209,True,True,False,False,no_electoral,missing_2018;missing_2021
110203210,True,True,False,False,no_electoral,missing_2018;missing_2021
110203211,True,True,False,False,no_electoral,missing_2018;missing_2021
110203215,True,True,False,False,no_electoral,missing_2018;missing_2021
110203216,True,True,False,False,no_electoral,missing_2018;missing_2021
110203217,True,True,False,False,no_electoral,missing_2018;missing_2021
110203218,True,True,False,False,no_electoral,missing_2018;missing_2021
110203219,True,True,False,False,no_electoral,missing_2018;missing_2021
110203220,True,True,False,False,no_electoral,missing_2018;missing_2021
110203221,True,True,False,False,no_electoral,missing_2018;missing_2021
110203222,True,True,False,False,no_electoral,missing_2018;missing_2021
110203223,True,True,False,False,no_electoral,missing_2018;missing_2021
110203224,True,True,False,False,no_electoral,missing_2018;missing_2021
110203225,True,True,False,False,no_electoral,missing_2018;missing_2021
110203226,True,True,False,False,no_electoral,missing_2018;missing_2021
110203227,True,True,False,False,no_electoral,missing_2018;missing_2021
110203228,True,True,False,False,no_electoral,missing_2018;missing_2021
110203229,True,True,False,False,no_electoral,missing_2018;missing_2021
110203230,True,True,False,False,no_electoral,missing_2018;missing_2021
110203243,True,True,False,False,no_electoral,missing_2018;missing_2021
110203244,True,True,False,False,no_electoral,missing_2018;missing_2021
110203245,True,True,False,False,no_electoral,missing_2018;missing_2021
110203246,True,True,False,False,no_electoral,missing_2018;missing_2021
110203247,True,True,False,False,no_electoral,missing_2018;missing_2021
110203248,True,True,False,False,no_electoral,missing_2018;missing_2021
110203249,True,True,False,False,no_electoral,missing_2018;missing_2021
110203270,True,True,False,False,no_electoral,missing_2018;missing_2021
110203271,True,True,False,False,no_electoral,missing_2018;missing_2021
110203278,True,True,False,False,no_electoral,missing_2018;missing_2021
110203279,True,True,False,False,no_electoral,missing_2018;missing_2021
110203280,True,True,False,False,no_electoral,missing_2018;missing_2021
110203281,True,True,False,False,no_electoral,missing_2018;missing_2021
110203282,True,True,False,False,no_electoral,missing_2018;missing_2021
110203283,True,True,False,False,no_electoral,missing_2018;missing_2021
110203284,True,True,False,False,no_electoral,missing_2018;missing_2021
110203285,True,True,False,False,no_electoral,missing_2018;missing_2021
110203286,True,True,False,False,no_electoral,missing_2018;missing_2021
110203287,True,True,False,False,no_electoral,missing_2018;missing_2021
110203288,True,True,False,False,no_electoral,missing_2018;missing_2021
110203289,True,True,False,False,no_electoral,missing_2018;missing_2021
110203319,True,True,False,False,no_electoral,missing_2018;missing_2021
110203320,True,True,False,False,no_electoral,missing_2018;missing_2021
110203321,True,True,False,False,no_electoral,missing_2018;missing_2021
110203322,True,True,False,False,no_electoral,missing_2018;missing_2021
110203323,True,True,False,False,no_electoral,missing_2018;missing_2021
110203324,True,True,False,False,no_electoral,missing_2018;missing_2021
110203325,True,True,False,False,no_electoral,missing_2018;missing_2021
110203326,True,True,False,False,no_electoral,missing_2018;missing_2021
110203327,True,True,False,False,no_electoral,missing_2018;missing_2021
110203328,True,True,False,False,no_electoral,missing_2018;missing_2021
110203329,True,True,False,False,no_electoral,missing_2018;missing_2021
110203330,True,True,False,False,no_electoral,missing_2018;missing_2021
110203331,True,True,False,False,no_electoral,missing_2018;missing_2021
110203332,True,True,False,False,no_electoral,missing_2018;missing_2021
110203333,True,True,False,False,no_electoral,missing_2018;missing_2021
110203334,True,True,False,False,no_electoral,missing_2018;missing_2021
110203335,True,True,False,False,no_electoral,missing_2018;missing_2021
110203336,True,True,False,False,no_electoral,missing_2018;missing_2021
110203337,True,True,False,False,no_electoral,missing_2018;missing_2021
110203338,True,True,False,False,no_electoral,missing_2018;missing_2021
110203339,True,True,False,False,no_electoral,missing_2018;missing_2021
110203340,True,True,False,False,no_electoral,missing_2018;missing_2021
110203341,True,True,False,False,no_electoral,missing_2018;missing_2021
110203342,True,True,False,False,no_electoral,missing_2018;missing_2021
110203343,True,True,False,False,no_electoral,missing_2018;missing_2021
110203344,True,True,False,False,no_electoral,missing_2018;missing_2021
110203345,True,True,False,False,no_electoral,missing_2018;missing_2021
110203346,True,True,False,False,no_electoral,missing_2018;missing_2021
110203347,True,True,False,False,no_electoral,missing_2018;missing_2021
110203348,True,True,False,False,no_electoral,missing_2018;missing_2021
110203349,True,True,False,False,no_electoral,missing_2018;missing_2021
110203350,True,True,False,False,no_electoral,missing_2018;missing_2021
110203351,True,True,False,False,no_electoral,missing_2018;missing_2021
110203352,True,True,False,False,no_electoral,missing_2018;missing_2021
110203353,True,True,False,False,no_electoral,missing_2018;missing_2021
110203354,True,True,False,False,no_electoral,missing_2018;missing_2021
110203355,True,True,False,False,no_electoral,missing_2018;missing_2021
110203356,True,True,False,False,no_electoral,missing_2018;missing_2021
110203357,True,True,False,False,no_electoral,missing_2018;missing_2021
110203358,True,True,False,False,no_electoral,missing_2018;missing_2021
110203359,True,True,False,False,no_electoral,missing_2018;missing_2021
110203360,True,True,False,False,no_electoral,missing_2018;missing_2021
110203361,True,True,False,False,no_electoral,missing_2018;missing_2021
110203362,True,True,False,False,no_electoral,missing_2018;missing_2021
110203363,True,True,False,False,no_electoral,missing_2018;missing_2021
110203364,True,True,False,False,no_electoral,missing_2018;missing_2021
110203365,True,True,False,False,no_electoral,missing_2018;missing_2021
110203366,True,True,False,False,no_electoral,missing_2018;missing_2021
110203367,True,True,False,False,no_electoral,missing_2018;missing_2021
110203368,True,True,False,False,no_electoral,missing_2018;missing_2021
110203369,True,True,False,False,no_electoral,missing_2018;missing_2021
110203370,True,True,False,False,no_electoral,missing_2018;missing_2021
110203371,True,True,False,False,no_electoral,missing_2018;missing_2021
110203372,True,True,False,False,no_electoral,missing_2018;missing_2021
110203384,True,True,False,False,no_electoral,missing_2018;missing_2021
110203385,True,True,False,False,no_electoral,missing_2018;missing_2021
110203386,True,True,False,False,no_electoral,missing_2018;missing_2021
110203387,True,True,False,False,no_electoral,missing_2018;missing_2021
110203388,True,True,False,False,no_electoral,missing_2018;missing_2021
110203389,True,True,False,False,no_electoral,missing_2018;missing_2021
110203390,True,True,False,False,no_electoral,missing_2018;missing_2021
110203391,True,True,False,False,no_electoral,missing_2018;missing_2021
110203392,True,True,False,False,no_electoral,missing_2018;missing_2021
110203393,True,True,False,False,no_electoral,missing_2018;missing_2021
110203394,True,True,False,False,no_electoral,missing_2018;missing_2021
110203395,True,True,False,False,no_electoral,missing_2018;missing_2021
110203396,True,True,False,False,no_electoral,missing_2018;missing_2021
110203397,True,True,False,False,no_electoral,missing_2018;missing_2021
110203398,True,True,False,False,no_electoral,missing_2018;missing_2021
110203399,True,True,False,False,no_electoral,missing_2018;missing_2021
